{
  "Total" : {
    "transaction" : "Total",
    "sampleCount" : 60,
    "errorCount" : 0,
    "errorPct" : 0.0,
    "meanResTime" : 305.6499999999999,
    "medianResTime" : 290.0,
    "minResTime" : 110.0,
    "maxResTime" : 837.0,
    "pct1ResTime" : 510.79999999999995,
    "pct2ResTime" : 724.1999999999998,
    "pct3ResTime" : 837.0,
    "throughput" : 5.768676088837612,
    "receivedKBytesPerSec" : 433.04805427362754,
    "sentKBytesPerSec" : 1.415879482742044
  },
  "Get Real-Time Weather" : {
    "transaction" : "Get Real-Time Weather",
    "sampleCount" : 20,
    "errorCount" : 0,
    "errorPct" : 0.0,
    "meanResTime" : 351.85,
    "medianResTime" : 289.0,
    "minResTime" : 239.0,
    "maxResTime" : 837.0,
    "pct1ResTime" : 672.3000000000004,
    "pct2ResTime" : 829.6499999999999,
    "pct3ResTime" : 837.0,
    "throughput" : 2.059096056831051,
    "receivedKBytesPerSec" : 3.235435112735509,
    "sentKBytesPerSec" : 0.4946656542777721
  },
  "Get 7-Day Forecast" : {
    "transaction" : "Get 7-Day Forecast",
    "sampleCount" : 20,
    "errorCount" : 0,
    "errorPct" : 0.0,
    "meanResTime" : 388.2,
    "medianResTime" : 349.0,
    "minResTime" : 285.0,
    "maxResTime" : 763.0,
    "pct1ResTime" : 510.8,
    "pct2ResTime" : 750.4499999999998,
    "pct3ResTime" : 763.0,
    "throughput" : 2.044989775051125,
    "receivedKBytesPerSec" : 267.5861132413088,
    "sentKBytesPerSec" : 0.5272239263803681
  },
  "Get Marine Weather" : {
    "transaction" : "Get Marine Weather",
    "sampleCount" : 20,
    "errorCount" : 0,
    "errorPct" : 0.0,
    "meanResTime" : 176.89999999999998,
    "medianResTime" : 128.0,
    "minResTime" : 110.0,
    "maxResTime" : 726.0,
    "pct1ResTime" : 254.20000000000016,
    "pct2ResTime" : 702.7499999999997,
    "pct3ResTime" : 726.0,
    "throughput" : 2.0755500207555,
    "receivedKBytesPerSec" : 192.58144912308012,
    "sentKBytesPerSec" : 0.4945646533831466
  }
}