{
  "Total" : {
    "transaction" : "Total",
    "sampleCount" : 804,
    "errorCount" : 0,
    "errorPct" : 0.0,
    "meanResTime" : 139.77114427860676,
    "medianResTime" : 80.0,
    "minResTime" : 65.0,
    "maxResTime" : 1689.0,
    "pct1ResTime" : 245.5,
    "pct2ResTime" : 255.0,
    "pct3ResTime" : 353.30000000000246,
    "throughput" : 8.569601364314646,
    "receivedKBytesPerSec" : 13.13602510125773,
    "sentKBytesPerSec" : 1.6178232752877852
  },
  "Get Real-Time Weather" : {
    "transaction" : "Get Real-Time Weather",
    "sampleCount" : 273,
    "errorCount" : 0,
    "errorPct" : 0.0,
    "meanResTime" : 252.19780219780225,
    "medianResTime" : 236.0,
    "minResTime" : 213.0,
    "maxResTime" : 1271.0,
    "pct1ResTime" : 262.6,
    "pct2ResTime" : 281.6,
    "pct3ResTime" : 1036.3799999999976,
    "throughput" : 2.909827328927734,
    "receivedKBytesPerSec" : 4.575063119537412,
    "sentKBytesPerSec" : 0.5342261111703261
  },
  "Get 7-Day Forecast" : {
    "transaction" : "Get 7-Day Forecast",
    "sampleCount" : 267,
    "errorCount" : 0,
    "errorPct" : 0.0,
    "meanResTime" : 78.11985018726591,
    "medianResTime" : 75.0,
    "minResTime" : 65.0,
    "maxResTime" : 235.0,
    "pct1ResTime" : 86.20000000000002,
    "pct2ResTime" : 94.6,
    "pct3ResTime" : 152.1199999999992,
    "throughput" : 2.897072546168703,
    "receivedKBytesPerSec" : 4.566379632467828,
    "sentKBytesPerSec" : 0.5799803437154141
  },
  "Get Marine Weather" : {
    "transaction" : "Get Marine Weather",
    "sampleCount" : 264,
    "errorCount" : 0,
    "errorPct" : 0.0,
    "meanResTime" : 85.86363636363637,
    "medianResTime" : 76.5,
    "minResTime" : 68.0,
    "maxResTime" : 1689.0,
    "pct1ResTime" : 88.0,
    "pct2ResTime" : 94.0,
    "pct3ResTime" : 241.35000000000002,
    "throughput" : 2.9044182362260162,
    "receivedKBytesPerSec" : 4.206376225989042,
    "sentKBytesPerSec" : 0.5303966896233058
  }
}