{
  "Total" : {
    "transaction" : "Total",
    "sampleCount" : 1500,
    "errorCount" : 0,
    "errorPct" : 0.0,
    "meanResTime" : 289.0913333333332,
    "medianResTime" : 266.0,
    "minResTime" : 97.0,
    "maxResTime" : 2655.0,
    "pct1ResTime" : 427.60000000000036,
    "pct2ResTime" : 565.9000000000001,
    "pct3ResTime" : 1249.8200000000002,
    "throughput" : 5.00121696279428,
    "receivedKBytesPerSec" : 375.4370757561423,
    "sentKBytesPerSec" : 1.2275122363108355
  },
  "Get Real-Time Weather" : {
    "transaction" : "Get Real-Time Weather",
    "sampleCount" : 500,
    "errorCount" : 0,
    "errorPct" : 0.0,
    "meanResTime" : 338.7779999999998,
    "medianResTime" : 256.0,
    "minResTime" : 211.0,
    "maxResTime" : 2655.0,
    "pct1ResTime" : 466.0,
    "pct2ResTime" : 716.2999999999998,
    "pct3ResTime" : 1703.5300000000013,
    "throughput" : 1.6699062848592938,
    "receivedKBytesPerSec" : 2.623569542621018,
    "sentKBytesPerSec" : 0.4011688926517444
  },
  "Get 7-Day Forecast" : {
    "transaction" : "Get 7-Day Forecast",
    "sampleCount" : 500,
    "errorCount" : 0,
    "errorPct" : 0.0,
    "meanResTime" : 360.97600000000017,
    "medianResTime" : 305.0,
    "minResTime" : 250.0,
    "maxResTime" : 2631.0,
    "pct1ResTime" : 477.7000000000001,
    "pct2ResTime" : 634.95,
    "pct3ResTime" : 1138.9,
    "throughput" : 1.6718717607484634,
    "receivedKBytesPerSec" : 218.7633945663332,
    "sentKBytesPerSec" : 0.4310294383179633
  },
  "Get Marine Weather" : {
    "transaction" : "Get Marine Weather",
    "sampleCount" : 500,
    "errorCount" : 0,
    "errorPct" : 0.0,
    "meanResTime" : 167.51999999999967,
    "medianResTime" : 123.0,
    "minResTime" : 97.0,
    "maxResTime" : 1363.0,
    "pct1ResTime" : 272.0,
    "pct2ResTime" : 376.74999999999994,
    "pct3ResTime" : 1010.6600000000003,
    "throughput" : 1.678094490144551,
    "receivedKBytesPerSec" : 155.70528135141984,
    "sentKBytesPerSec" : 0.39985845272975634
  }
}