{
  "Total" : {
    "transaction" : "Total",
    "sampleCount" : 308685,
    "errorCount" : 23,
    "errorPct" : 0.0074509615,
    "meanResTime" : 991.7781427668939,
    "medianResTime" : 579.0,
    "minResTime" : 100.0,
    "maxResTime" : 361275.0,
    "pct1ResTime" : 1500.9000000000015,
    "pct2ResTime" : 2135.0,
    "pct3ResTime" : 5109.960000000006,
    "throughput" : 60.08315118060273,
    "receivedKBytesPerSec" : 4437.490762855392,
    "sentKBytesPerSec" : 14.921840519424812
  },
  "Get Real-Time Weather" : {
    "transaction" : "Get Real-Time Weather",
    "sampleCount" : 103172,
    "errorCount" : 21,
    "errorPct" : 0.02035436,
    "meanResTime" : 1528.5481913697515,
    "medianResTime" : 965.0,
    "minResTime" : 214.0,
    "maxResTime" : 100274.0,
    "pct1ResTime" : 2717.9000000000015,
    "pct2ResTime" : 3927.9500000000007,
    "pct3ResTime" : 9058.950000000008,
    "throughput" : 20.08163297084453,
    "receivedKBytesPerSec" : 31.56251832374558,
    "sentKBytesPerSec" : 4.882184854689808
  },
  "Get 7-Day Forecast" : {
    "transaction" : "Get 7-Day Forecast",
    "sampleCount" : 102838,
    "errorCount" : 1,
    "errorPct" : 9.724032E-4,
    "meanResTime" : 913.5503802096353,
    "medianResTime" : 757.0,
    "minResTime" : 255.0,
    "maxResTime" : 65737.0,
    "pct1ResTime" : 1283.9000000000015,
    "pct2ResTime" : 1580.0,
    "pct3ResTime" : 2643.920000000013,
    "throughput" : 20.053082031843367,
    "receivedKBytesPerSec" : 2562.825065777299,
    "sentKBytesPerSec" : 5.228633631204774
  },
  "Get Marine Weather" : {
    "transaction" : "Get Marine Weather",
    "sampleCount" : 102675,
    "errorCount" : 1,
    "errorPct" : 9.7394694E-4,
    "meanResTime" : 530.761801801811,
    "medianResTime" : 434.0,
    "minResTime" : 100.0,
    "maxResTime" : 361275.0,
    "pct1ResTime" : 773.0,
    "pct2ResTime" : 1043.9500000000007,
    "pct3ResTime" : 1890.9400000000096,
    "throughput" : 20.02420652070465,
    "receivedKBytesPerSec" : 1851.3973811249841,
    "sentKBytesPerSec" : 4.830010585355289
  }
}