{
  "Total" : {
    "transaction" : "Total",
    "sampleCount" : 617,
    "errorCount" : 0,
    "errorPct" : 0.0,
    "meanResTime" : 133.60453808752015,
    "medianResTime" : 80.0,
    "minResTime" : 66.0,
    "maxResTime" : 716.0,
    "pct1ResTime" : 244.0,
    "pct2ResTime" : 253.10000000000002,
    "pct3ResTime" : 280.6400000000001,
    "throughput" : 7.813588298613309,
    "receivedKBytesPerSec" : 11.974648578484137,
    "sentKBytesPerSec" : 1.4982285466662444
  },
  "Get Real-Time Weather" : {
    "transaction" : "Get Real-Time Weather",
    "sampleCount" : 209,
    "errorCount" : 0,
    "errorPct" : 0.0,
    "meanResTime" : 243.2057416267943,
    "medianResTime" : 235.0,
    "minResTime" : 214.0,
    "maxResTime" : 716.0,
    "pct1ResTime" : 259.0,
    "pct2ResTime" : 271.0,
    "pct3ResTime" : 589.0000000000013,
    "throughput" : 2.646742227569176,
    "receivedKBytesPerSec" : 4.162915334325334,
    "sentKBytesPerSec" : 0.49367945846261
  },
  "Get 7-Day Forecast" : {
    "transaction" : "Get 7-Day Forecast",
    "sampleCount" : 206,
    "errorCount" : 0,
    "errorPct" : 0.0,
    "meanResTime" : 77.41262135922332,
    "medianResTime" : 75.0,
    "minResTime" : 66.0,
    "maxResTime" : 239.0,
    "pct1ResTime" : 86.0,
    "pct2ResTime" : 90.64999999999998,
    "pct3ResTime" : 101.72000000000003,
    "throughput" : 2.683759347559864,
    "receivedKBytesPerSec" : 4.215880286908205,
    "sentKBytesPerSec" : 0.5451386174730973
  },
  "Get Marine Weather" : {
    "transaction" : "Get Marine Weather",
    "sampleCount" : 202,
    "errorCount" : 0,
    "errorPct" : 0.0,
    "meanResTime" : 77.50990099009907,
    "medianResTime" : 74.0,
    "minResTime" : 66.0,
    "maxResTime" : 240.0,
    "pct1ResTime" : 86.0,
    "pct2ResTime" : 93.85,
    "pct3ResTime" : 137.85999999999996,
    "throughput" : 2.6860987739687774,
    "receivedKBytesPerSec" : 3.899510339651871,
    "sentKBytesPerSec" : 0.498397233451238
  }
}